{
    "defaults":
    {
        "colours": {
            "normal_bg": "#45494e",
            "hovered_bg": "#35393e",
            "disabled_bg": "#25292e",
            "selected_bg": "#193754",
            "dark_bg": "#15191e",
            "normal_text": "#c5cbd8",
            "hovered_text": "#FFFFFF",
            "selected_text": "#FFFFFF",
            "disabled_text": "#6d736f",
            "link_text": "#0000EE",
            "link_hover": "#2020FF",
            "link_selected": "#551A8B",
            "text_shadow": "#777777",
            "normal_border": "#DDDDDD",
            "hovered_border": "#B0B0B0",
            "disabled_border": "#808080",
            "selected_border": "#8080B0",
            "active_border": "#8080B0",
            "filled_bar": "#f4251b",
            "unfilled_bar": "#CCCCCC"
        }
    },
    "text_box":
     {
         "colours":
         {
             "dark_bg":"rgba(0, 0, 0, 0)"
         },

         "misc":
         {
             "border_width": "0",
             "padding": "10,10",
             "text_horiz_alignment": "center",
             "text_vert_alignment": "center"
         },
         "font": {
            "name": "Fira Code",
            "size": 110,
            "regular_path": "src/data/fonts/FiraCode-Regular.ttf"
        }
     }
}