{
  "health_coef_step":0.1,
  "armor_step":0.1,
  "start_resources":{
    "class_name":"Resources",
    "resources":{
      "crystallium":{
        "quantity":30,
        "resource_type":"crystallium"
      },
      "eternium":{
        "quantity":30,
        "resource_type":"eternium"
      },
      "gold":{
        "quantity":0,
        "resource_type":"gold"
      },
      "infinitum":{
        "quantity":100,
        "resource_type":"infinitum"
      },
      "mithril":{
        "quantity":30,
        "resource_type":"mithril"
      }
    }
  },
  "resources_step":{
    "class_name":"Resources",
    "resources":{
      "crystallium":{
        "quantity":15,
        "resource_type":"crystallium"
      },
      "eternium":{
        "quantity":15,
        "resource_type":"eternium"
      },
      "gold":{
        "quantity":0,
        "resource_type":"gold"
      },
      "infinitum":{
        "quantity":40,
        "resource_type":"infinitum"
      },
      "mithril":{
        "quantity":15,
        "resource_type":"mithril"
      }
    }
  }
}