{
  "max_level": 4,
  "start_resources":{
    "class_name":"Resources",
    "resources":{
      "crystallium":{
        "quantity":200,
        "resource_type":"crystallium"
      },
      "eternium":{
        "quantity":200,
        "resource_type":"eternium"
      },
      "gold":{
        "quantity":200,
        "resource_type":"gold"
      },
      "infinitum":{
        "quantity":200,
        "resource_type":"infinitum"
      },
      "mithril":{
        "quantity":200,
        "resource_type":"mithril"
      }
    }
  },
  "resources_step":{
    "class_name":"Resources",
    "resources":{
      "crystallium":{
        "quantity":200,
        "resource_type":"crystallium"
      },
      "eternium":{
        "quantity":200,
        "resource_type":"eternium"
      },
      "gold":{
        "quantity":200,
        "resource_type":"gold"
      },
      "infinitum":{
        "quantity":200,
        "resource_type":"infinitum"
      },
      "mithril":{
        "quantity":200,
        "resource_type":"mithril"
      }
    }
  }
}