{
  "fps": 60,
  "spaceship_bot_vision_radius": 1200,
  "screen_width": 1200,
  "screen_height": 700,
  "resource_line_height": 35,
  "upgrades_btn_height": 40,
  "show_fps": true,
  "fps_update_time": 0.5,
  "health_bar_h": 14,
  "health_bar_font_size": 13,
  "health_bar_font_color": "black",
  "debug": {
    "active": false,
    "show_velocity_vector": false,
    "show_clusters_borders": true,
    "show_player_collision_poly": true
  },
  "map": {
    "cluster": {
      "width": 1000,
      "height": 1000
    },
    "vision_distance": 3
  },
  "resources_images": {
    "gold": "gold.png",
    "eternium": "eternium.png",
    "infinitum": "infinitum.png",
    "mithril": "mithril.png",
    "crystallium": "crystallium.png"
  },
  "resources_colors": {
    "gold": [249, 193, 62],
    "eternium": [42, 249, 33],
    "infinitum": [109, 153, 221],
    "mithril": [179, 116, 84],
    "crystallium": [15, 240, 235]
  },
  "general_images": {
    "dust_particle": "dust_particle.png"
  }
}