{
  "life_characteristics": {
    "health": 4000,
    "max_health": 4000,
    "armor": 18
  },
  "weapon_modifiers": {
    "weapon_level": 4,
    "weapon_reload_coef": 1.2,
    "bullet_damage_coef": 3,
    "bullet_life_time_coef": 2,
    "bullet_mass_coef": 200,
    "bullet_speed_coef": 0.8
  },
  "velocity_characteristics": {
    "rotation_speed": 7,
    "direct_force": 100,
    "max_speed": 200,
    "max_rotation_speed": 6,
    "stop_coef": 1.5,
    "stop_rotation_coef": 2.5
  },
  "mining_characteristics": {
    "level": 2
  }
}